{"display":"MIRAI.433733.001","product":"mirai","device":"mirai","board":"mirai","model":"mirai","finger_print":"mamoe/mirai/mirai:10/MIRAI.200122.001/2598875:user/release-keys","boot_id":"a7f701f5-bf56-cf07-f2b4-4d94db57a0c1","proc_version":"Linux version 3.0.31-zhShd7A9 (android-build@xxx.xxx.xxx.xxx.com)","protocol":6,"imei":"701493559973150","brand":"mamoe","bootloader":"unknown","base_band":"","version":{"incremental":"5891938","release":"10","codename":"REL","sdk":29},"sim_info":"T-Mobile","os_type":"android","mac_address":"00:50:56:C0:00:08","ip_address":[10,0,1,3],"wifi_bssid":"00:50:56:C0:00:08","wifi_ssid":"\u003cunknown ssid\u003e","imsi_md5":"9cec063781a8d2979c5046bb6489f522","android_id":"38c725e9add5fa48","apn":"wifi","vendor_name":"MIUI","vendor_os_name":"mirai"}